1,Flesh and the Devil,Claudine Hirche
2,"Slumber Party Massacre, The"
3,"Clonus Horror, The"
4,"O Brother, Where Art Thou?"
5,Red Lights (Feux rouges),Therine Mc Grath
6,Fury,Lianne Mayhow
7,Alone for Christmas,Aksel D'Ambrogi
8,Rudy,Toinette Grigor
9,"Twilight Samurai, The (Tasogare Seibei)"
10,Neighbors,Maire Rive
11,"Bête humaine, La"
12,Romeo and Juliet,Arlana Harriott
13,Blue Valentine,Caro Derrett
14,Music for One Apartment and Six Drummers,Bridget Sinkinson
15,Celeste and Jesse Forever (Celeste & Jesse Forever),Theodosia Ottery
16,Before Midnight,Dermot Cotterel
17,Solo ,Artie MacCafferky
18,Valley of Head Hunters,Yorker Filyaev
19,"She No Longer Talks, She Shoots"
20,BloodRayne,Andi Lithgow
21,Disco Dancer,Isabelita Janway
22,Firestarter,Tilda Schirak
23,Lisa Picard is Famous (a.k.a. Famous),Kathye Morphew
24,Sunday,Terrel McGlone
25,Around the World in 80 Days,Rosalinda Jeppe
26,Ronal the Barbarian,Pieter Tesche
27,Pianomania,Chloe Eacott
28,David Holzman's Diary,Shanda Slinn
29,There's Always Tomorrow,Teresita MacGorman
30,Night Train,Maximilianus Bernhard
31,Adam and Dog,Celene Penni
32,"Werewolf, The"
33,Pure Country,Lynea Barroux
34,"Manitou, The"
35,Dark Journey,Jannelle Petracci
36,Emergo (Apartment 143),Marlo Eggleson
37,Hoffman,Violante Corston
38,Without Warning,Elisabeth Truce
39,Crossfire,Winona Sousa
40,Toy Story of Terror,Lurline Sitlinton
41,Come See the Paradise,Katti Tarbath
42,Together (Han ni Zai Yiki),Enrico Knewstub
43,Tokyo Chorus (Tôkyô no kôrasu),Koral Betteriss
44,Il cappotto di legno,Bryn Yakushkin
45,Sleepwalk with Me,Camellia Yurchishin
46,Makai Tensho: Samurai Reincarnation (Makai tenshô),Kaiser Walling
47,Shameless (Maskeblomstfamilien ),Val Imlach
48,Shadrach,Serene Truelock
49,Idle Hands,Stanly Rix
50,Zatoichi's Pilgrimage (Zatôichi umi o wataru) (Zatôichi 14),Anselm Rookesby
51,Breaking the Girls ,Auguste Beamand
52,Boyfriends and Girlfriends (a.k.a. My Girlfriend's Boyfriend) (L'ami de mon amie),Maggy Etteridge
53,Charlie's Country,Felecia Linggood
54,"Profession of Arms, The (Il mestiere delle armi)"
55,Man of the World,Cristal Popple
56,"Man in the Iron Mask, The"
57,"Irene, Go Home! (Irena do domu!)"
58,Port of Shadows (Quai des brumes),Foss Witherspoon
59,Paradise: Love,Dyna Marlin
60,Hiding Out,Aluin Seeviour
61,Love Wrecked,Yorgos Perchard
62,Breakheart Pass,Eleanora Charrette
63,Middle of Nowhere,Keeley Rothermel
64,Libel,Marcello Barlace
65,"French Lieutenant's Woman, The"
66,Clonehunter,Alec Breens
67,Killer McCoy,Kory Kelemen
68,Chennai Express,Tilda Splain
69,Animal Love (Tierische Liebe),Philippa Nodes
70,Out On A Limb,Nap Donaldson
71,"Divo, Il"
72,Fried Green Tomatoes,Mureil Chetham
73,"Serbian Film, A (Srpski film)"
74,Free to Play,Bunnie Agglione
75,Han Gong-ju,Mason Erb
76,"Man Who Saves the World, The (Dünyayi Kurtaran Adam)"
77,Dr. Wai in the Scriptures with No Words (Mao xian wang),Park MacLeod
78,Ju-on: The Grudge 2,Nichols Leatt
79,Tales from the Hood,Kitty Dimitriades
80,Hollywood Homicide,Keelia Brankley
81,Rock-A-Doodle,Claudie Jillings
82,Lupin III: Sweet Lost Night (Rupan Sansei: Sweet Lost Night),Dedie Pellitt
83,Just Imagine,Sandro Buzine
84,"Snowman, The"
85,One Magic Christmas,Lilah Hendrik
86,Timecop,Blayne Linfoot
87,Zus & Zo,Catherine Dudny
88,Skhizein,Corinna Archard
89,"Blue Max, The"
90,Ishtar,Devonne Coster
91,Satisfaction (a.k.a. Girls of Summer),Delphine Audibert
92,"Sudden Wealth of the Poor People of Kombach, The (Der plötzliche Reichtum der armen Leute von Kombach)"
93,Rampo (a.k.a. The Mystery of Rampo),Barbi Whittock
94,Staten Island,Danika Charlin
95,Common Places (a.k.a. Common Ground) (Lugares comunes),Annadiane De Caroli
96,"Weather Man, The"
97,Frogs for Snakes,Otho Kyberd
98,"Devil Is a Woman, The"
99,India's Daughter,Bren Jonson
100,Spy Kids 2: The Island of Lost Dreams,Morley Strete
101,Landet som icke är,Zilvia Treadgall
102,Conan the Barbarian,Merla Pahl
103,Where Are My Children?,Erika Iannuzzi
104,Born to Dance,Tiffi Deeble
105,"Girl Next Door, The"
106,Marci X,Murielle de Chastelain
107,Mouth to Mouth,Cecilla Gartan
108,Needing You... (Goo naam gwa neui),Kasper Standen
109,Back in the Day,Cart Kopf
110,Girls Will Be Girls,Carr Treher
111,Standing in the Shadows of Motown,Matelda Brasher
112,The Gold Spinners,Forest Earlam
113,Titus,Isadore Eltringham
114,Let the Fire Burn,Friedrick Tuma
115,When Worlds Collide,Elisha Ipsly
116,"Animal, The"
117,"Gas, Inspector Palmu! (Kaasua
118,Love Steaks,Bobby Razoux
119,Dragon Ball Z: Dead Zone (Doragon bôru Z 1: Ora no Gohan wo kaese),Chen Revens
120,Best of the Best,Rubia Metzke
121,I Am the Law,Buckie Vasyuchov
122,Dragon Ball Z: The Return of Cooler (Doragon bôru Z 6: Gekitotsu! Hyakuoku pawâ no senshi),Bendite Duesberry
123,"Call of the Wild, The"
124,Bring It On: Fight to the Finish,Finlay Ridesdale
125,White Lightnin',Leela McMennum
126,"Damsel in Distress, A"
127,If These Walls Could Talk,Orazio Stratz
128,Ulysses (Ulisse),Massimiliano Bondy
129,"Woman in Black, The"
130,Up the Sandbox,Hagen St. Paul
131,Legends of the Canyon,Jyoti Mallord
132,Kaspar Hauser,Martie Lovat
133,StreetDance 3D,Johanna Luckie
134,Mister Buddwing,Afton Rayworth
135,3:10 to Yuma,Ronda Weatherill
136,Michael Shayne: Private Detective,Becca Aldwinckle
137,"Rebel, The (Le Rebelle)"
138,Arsenic and Old Lace,Page Bretherick
139,Antisocial,Maddy Klee
140,"Weather Man, The"
141,"Minus Man, The"
142,Matewan,Starlene Fynes
143,"Bunch Of Amateurs, A"
144,Dragon Ball Z: Broly - The Legendary Super Saiyan (Doragon bôru Z 8: Moetsukiro!! Nessen retsusen-chô gekisen),Malcolm Coulman
145,"Santa Clause 2, The"
146,"Goke, Body Snatcher from Hell (Kyuketsuki Gokemidoro)"
147,Kumaré,Northrup Cheel
148,Dead Silence,Judie Gritsunov
149,The Heavy,Glynis Radbourne
150,Beyond the Fear,Mamie Battison
151,Rogue Cop,Calli Massard
152,"Full Monty, The"
153,Judas Kiss,Sofie Reichelt
154,Why We Fight,Rosalyn Ledwitch
155,Silent House,Errol Ogger
156,I'll Cry Tomorrow,Oberon Ebanks
157,Word Wars,Den McAlester
158,Hammett,Siffre Sikorski
159,Heima,Rhett Bearn
160,"Most Wanted Man, A"
161,"Wonderful Ice Cream Suit, The"
162,Any Number Can Play,Rhoda Careless
163,My Cousin Vinny,Law Mycroft
164,"Run of the Country, The"
165,Damn the Defiant! (H.M.S. Defiant),Wainwright Moreton
166,"Secret Garden, The"
167,"Last Flight of Noah's Ark, The"
168,In Old Arizona,Valery Ackred
169,"Two of Us, The (Le vieil homme et l'enfant)"
170,Partners,Bernadine Lorking
171,Small Town of Anara (Qalaqi Anara),Thorn Matushevich
172,Zatoichi Challenged (Zatôichi chikemuri kaidô) (Zatôichi 17),Jaquelin Ainsby
173,Dolemite,Duky Bortoli
174,Full Speed (À toute vitesse),Loralyn Schwier
175,"Return of a Man Called Horse, The"
176,The Baker's Wife,Enid Gallimore
177,See You in the Morning,Penn Rao
178,Johnny Tremain,Jaclyn Snaith
179,Magic in the Water,Seymour Braybrooke
180,Antichrist,Tadd Troppmann
181,D.L. Hughley: Reset,Berny Henningham
182,Christmas Evil (a.k.a. You Better Watch Out),Hube Poone
183,Garbo the Spy (Garbo: El espía),Joli Blooman
184,"Hole, The"
185,Leap Year,Veronika Tottle
186,"Descent: Part 2, The"
187,Pearl Jam: Immagine in Cornice - Live in Italy 2006,Cordell Skelcher
188,Zuzu Angel,Riccardo Shelley
189,Satan's Tango (Sátántangó),Morgen Uppett
190,Make Them Die Slowly (Cannibal Ferox),Cherie Seavers
191,Commander Hamilton (Hamilton),Albina Hazard
192,Between the Devil and the Deep Blue Sea,Estrella Belderfield
193,Sick Girl,Yettie Clemont
194,Sin Nombre,Sander Covill
195,"Life and Death of Peter Sellers, The"
196,Thief of Hearts,Winna Erwin
197,47 Ronin,Tisha Seabridge
198,"Woman Always Pays, The (Afgrunden) (Abyss
199,Louis C.K.: Live at the Beacon Theater,Anallese MacAiline
200,"Marriage of Maria Braun, The (Ehe der Maria Braun
201,Annie Get Your Gun,Hanni Jarrard
202,"Way Ahead, The (a.k.a. The Immortal Battalion)"
203,"Same Love, Same Rain (El mismo amor
204,Girl 27,Beverlee Bernette
205,Marat/Sade,Jodi Mableson
206,Nostalgia for the Light (Nostalgia de la luz),Hermia Litherborough
207,Closer,Carita Wands
208,Joy Ride 2: Dead Ahead,Marje Patriche
209,Stella Does Tricks,Cyndy Gearing
210,Never Been Kissed,Gill Aurelius
211,Reign of Fire,Cornell Rennocks
212,Hellsing Ultimate OVA Series,Zachariah Tribble
213,Northwest,Cortie Boobier
214,It's a Small World,Laurence Ollerton
215,Love & Human Remains,Annetta Greenall
216,Army Brats (Schatjes!),Lorrie Tebald
217,"Phantom Carriage, The (Körkarlen)"
218,"Officer and a Gentleman, An"
219,Hedd Wyn,Frasquito Wehnerr
220,"Dancing Hawk, The (Tanczacy jastrzab)"
221,Sambizanga,Violette Conisbee
222,"Virginity Hit, The"
223,"Cotton Club, The"
224,Leviathan,Austin Daubney
225,FC Venus,Johnathon Souley
226,Firehouse Dog,Jemima Cabrara
227,Hurry Sundown,Marie Lashmore
228,"Slumber Party Massacre, The"
229,Cirque du Soleil: Worlds Away,Clayborn Peagram
230,Roberto Succo,Antonino Leftwich
231,Red,Martina Woodlands
232,Super Demetrios,Anthia Wellbeloved
233,Miracle on 34th Street,Wait Nutkin
234,Narco Cultura,Wallie Fellon
235,Bloody Pit of Horror (Il boia scarlatto) (Virgins for the Hangman),Aila Painswick
236,How to Cook Your Life,Tuckie McGiffie
237,Safe Haven,Julianna Nisby
238,Samurai Vendetta,Atalanta Olivi
239,"Hound of the Baskervilles, The"
240,Beau Brummel,Towny Maccaddie
241,You Were Never Lovelier,Gregorius Dennick
242,Lost in Austen,Katuscha Cumo
243,Rid of Me,Jillian Gerish
244,Tenure,Rodrick Barkess
245,Rolling,Valery Chang
246,Office Killer,Mariana Joseph
247,Hoffman,Demetri Papen
248,Jerry Springer: Ringmaster,Sheffie Petris
249,Of Unknown Origin,Jerad Gribble
250,What Will You Do When You Catch Me? (Co mi zrobisz jak mnie zlapiesz?),Calhoun Murrill
251,"Wrong Arm of the Law, The"
252,Beautiful Kate,Findley Plumstead
253,Water Drops on Burning Rocks,Imelda Guirard
254,Z Channel: A Magnificent Obsession,Oona Mila
255,Batman Forever,Karylin Tansley
256,Yanks,Cordelie Blaase
257,Mr. Freedom,Holli Coit
258,Train of Shadows (Tren de sombras),Hersch Fendlow
259,Rouge (Yin ji kau),Dar Mart
260,Skin,Jennette Leguay
261,Fred Claus,Conni Weekly
262,I Melt with You,Chastity Pascoe
263,"Inconvenient Truth, An"
264,Trouble Bound,Ynes Jefford
265,Let's Make Love,Jorrie Harrhy
266,"Constant Gardener, The"
267,20 Dates,Cindie Pavese
268,Redline,Pattie Sogg
269,"O Brother, Where Art Thou?"
270,Interior. Leather Bar.,Susanna Kingsmill
271,Kicked in the Head,Heida Kilcullen
272,Dan in Real Life,Amil Purcer
273,Requiem for a Heavyweight,Abel Brandel
274,"Descendants, The"
275,Dancing in September,Mireielle Boater
276,Kazaam,Oralia Gibbons
277,"Yellow Sea, The (a.k.a. The Murderer) (Hwanghae)"
278,Lucy,Krishna Hexter
279,Ninja III: The Domination,Paxton Antcliff
280,"Cool School, The"
281,Time of Eve (Eve no jikan),Julieta Ewdale
282,Upstream Color,Rees Arington
283,Winter Nomads,Adella Greenhouse
284,"Captain Thunder (Capitán Trueno y el Santo Grial, El) (Prince Killian and the Holy Grail)"
285,Break Up,Orelee Gotmann
286,All That Jazz,Avril Soame
287,Virgin Stripped Bare by Her Bachelors (Oh! Soo-jung),Rex Jevons
288,"Initiation, The"
289,Naked Weapon (Chek law dak gung),Kacy Roke
290,"4 Months, 3 Weeks and 2 Days (4 luni
291,Kicking and Screaming,Xenos Archibold
292,Devil's Pond,Cassandry Wroughton
293,Crimewave,Rudyard Vosse
294,Zarafa,Cathryn Hachette
295,City on Fire (Lung fu fong wan),Anni L'Homme
296,Chronicle,Beilul Gerred
297,Music for One Apartment and Six Drummers,Kristyn Caldicott
298,Paranoid Park,Angelico Finby
299,Humble Pie (American Fork),Damaris Given
300,Meilleur espoir féminin,Seana Coultous
301,Maria Bamford: The Special Special Special!,Winnie Bruce
302,Roadside Prophets,Ruthy O'Dooghaine
303,Pope Joan (Die Päpstin),Catie Dawbery
304,"Elephant in the Living Room, The"
305,Space Pirate Captain Harlock: Arcadia of My Youth (Waga seishun no Arcadia),Noll Sebright
306,Broken English,Celie Haste
307,Bay of Angels (La baie des anges),Nealson Whates
308,"Most Dangerous Man in America: Daniel Ellsberg and the Pentagon Papers, The"
309,Run for Cover,Jacqueline Gaylor
310,Rabid,Shirlene Gilhooley
311,Zombeavers,Urbanus Jerdan
312,Two Queens and One Consort (Twee vorstinnen en een vorst),Jarrid Vyvyan
313,The Beast of the City,Shurlocke Renwick
314,Easy Living,Corrianne Burkwood
315,In Between Days,Leoline Matitiaho
316,Holiday in Handcuffs,Cello Oakden
317,Village People,Almeta Grushin
318,"Back to the Garden, Flower Power Comes Full Circle"
319,Night Nurse,Bridgette Kulicke
320,"Merchant of Venice, The"
321,NATO's Secret Armies (Gladio: L'esercito segreto della Nato),Joshia Wakeley
322,Can't Help Singing,Elysee Natt
323,Going Straight,Basilius Iacobassi
324,Now and Then,Antonina Cornwall
325,Wanderlust,Alexandr Avrasin
326,Jacky in the Kingdom of Women,Daren Boddy
327,Rusalochka (The Little Mermaid),Nonie Udy
328,"Castle, The (Das Schloß)"
329,Savage Three,Bartolemo Mereweather
330,Godzilla vs. The Sea Monster (Gojira-Ebira-Mosura: Nankai no daiketto),Dana Maffione
331,Jerry Seinfeld: 'I'm Telling You for the Last Time',Karoly Josefs
332,Draft Day,Marlo Fronzek
333,Predictions of Fire (Prerokbe Ognja),Benetta Doonican
334,Dead Ahead: The Exxon Valdez Disaster,Mercedes McAllester
335,"Ring Two, The"
336,Honeysuckle Rose (a.k.a. On the Road Again),Howie Wicken
337,Addicted to Plastic,Joelle Hopewell
338,Ito: A Diary of an Urban Priest (Seitti - kilvoittelijan päiväkirja),Darsey Acors
339,Kama Sutra: A Tale of Love,Haven Cavaney
340,"Flying Swords of Dragon Gate, The (Long men fei jia)"
341,The Unexpected Love,Ernesto Jullian
342,Beauty and the Boss,Vernen Elphinston
343,"Rocky Horror Picture Show, The"
344,Just 4 Kicks,Adda Bloore
345,Carandiru,Doria McKim
346,Escape From Tomorrow,Marni Oertzen
347,"Battle of Algiers, The (La battaglia di Algeri)"
348,Southern District (Zona Sur),Aila Griffiths
349,Crack-Up,Bunnie Schukert
350,"I Want a Dog for Christmas, Charlie Brown"
351,Commando,Clemens Dodimead
352,"Complete History of My Sexual Failures, A"
353,Batman,Ranique Vassie
354,Dinner for One (Der 90. Geburtstag oder Dinner for One),Wallis Bunyan
355,"Dinosaur Project, The"
356,Saved!,Tommi Bosche
357,"Prisoner, The (Island of Fire) (Huo shao dao)"
358,"Wings of Eagles, The"
359,"Guide to Recognizing Your Saints, A"
360,"Prince of Pennsylvania, The"
361,Stan Helsing,Marsiella Scobbie
362,"Enchanted Cottage, The"
363,"Cassandra Crossing, The"
364,"Thief of Bagdad, The"
365,You Ain't Seen Nothin' Yet (Vous n'avez encore rien vu),Leoline Huckfield
366,Norbit,Marcie Bursnell
367,"Demon in My View, A (Der Mann nebenan)"
368,Aziz Ansari: Dangerously Delicious,Emmott Le Count
369,National Theatre Live: Frankenstein,Barry Dowsing
370,Accused (Anklaget),Bernita Blasi
371,Homicidal,Kass Coley
372,"Beautiful Mind, A"
373,Yes Or No,Joyann Borrowman
374,Six Ways to Sunday,Wat Rutherforth
375,"Element of Crime, The (Forbrydelsens Element)"
376,La guerre des tuques,Blair Shatliff
377,Haunt,Elli Titley
378,"Chaser, The (Chugyeogja)"
379,"Glass Menagerie, The"
380,Gitmo,Brandi Higgan
381,"Life and Times of Hank Greenberg, The"
382,Star Trek: Insurrection,Rhianna Gundrey
383,Mischief,Judye Emblin
384,Eden of the East the Movie II: Paradise Lost (Higashi no Eden Gekijôban II: Paradise Lost),Symon Fortman
385,"3, 2
386,Street Scene,Annadiana Buchan
387,"Walking Dead, The"
388,Scarlet Diva,Halsy Coronado
389,She-Devil,Di Cuzen
390,So Much So Fast,Zorine Morteo
391,Igor,Reider Shoveller
392,Hester Street,Felix Di Gregorio
393,Pink Flamingos,Ashli Faier
394,Phantom of the Woods,Ikey Cory
395,McFarland USA,Luce McCrainor
396,"Agony and the Ecstasy of Phil Spector, The"
397,Possessed,Alethea Cabotto
398,"Girl, The"
399,"Business, The"
400,Valley of the Dolls,Findley Simmonett
401,Bionicle: Mask of Light (Bionicle: Mask of Light - The Movie),Hal Clewlowe
402,New Best Friend,Jefferey Bloor
403,"Rat Race, The (Garson Kanin's The Rat Race)"
404,Casanova,Tabatha Springer
405,Peaceful Warrior,Guillemette Hobell
406,"Secrets, The (Sodot
407,Eaux d'artifice,Dierdre Fulstow
408,Girls About Town,Hugibert Baitman
409,Manhunter,Micki Jerisch
410,Body Count,Libbi Kebbell
411,Babylon 5: The Gathering,Reagen Baynam
412,Ping Pong Playa,Waverley Brumhead
413,"Ultimate Gift, The"
414,Gen-Y Cops (Te jing xin ren lei 2) (Gen-X Cops 2: Metal Mayhem) (Metal Mayhem),Easter Lawrenz
415,Cohen and Tate,Tomasina Farraway
416,"Pretty One, The"
417,Mr. Pip,Virgie Laudham
418,Unconscious (Inconscientes),Brietta Sevitt
419,Grateful Dawg,Hatti Simmon
420,Born American,Krystle Lackemann
421,"Brice Man, The (Brice de Nice)"
422,"Blind Sunflowers, The (Los girasoles ciegos)"
423,Missing William,Hyatt Pavlitschek
424,Trancers,Rem Stubbeley
425,"Secrets, The (Sodot
426,Symmetry (Symetria),Fritz Edgett
427,Shadows and Fog,Tally Bothams
428,Pokémon the Movie: White - Victini and Zekrom,Baxy Tilly
429,Elephant White,Emilie Laundon
430,The Cat's Out,Ruthe Poulgreen
431,Valerie,Catharina Narbett
432,Northanger Abbey,Cass Assard
433,Fall From Grace,Stanislaw Finnigan
434,Coming Apart,Melamie Fortey
435,Breaking News (Daai si gin),Melinde Moyse
436,Venom,Gardener Romei
437,C.H.U.D. II - Bud the Chud,Ronna Brunotti
438,Higher and Higher,Fielding Renehan
439,Tere Naam,Eolanda Lillicrap
440,"Mission, The (Cheung fo)"
441,"Poker Club, The"
442,"Moon-Spinners, The"
443,"Day After Trinity, The"
444,Gran Paradiso,Roxi Brendeke
445,"Young Törless, The (Junge Törless
446,Body Bags,Olin Regnard
447,Spin,Lavena Fauning
448,November,Trista Baudon
449,Girl Play,Brandais Emms
450,Vengo,Magda Raoult
451,What Lies Beneath,Brock Harme
452,The .44 Specialist,Desiree Groom
453,Animal House,Marna Lawrie
454,a/k/a Tommy Chong,Lorenzo Shakshaft
455,"Birdcage, The"
456,V for Vendetta,Pavlov Bercher
457,Ten,Shamus Dunderdale
458,Piter FM,Sheffy Seargeant
459,Shifty,Sabrina Dripps
460,"Embalmer, The (Imbalsamatore
461,"Days Between, The (In den Tag hinein)"
462,Outfoxed: Rupert Murdoch's War on Journalism,Erwin Renachowski
463,Something to Sing About,Lurlene Holburn
464,My Letter to George (Mesmerized),Lacey Dover
465,Brief Encounter,Martelle Hobson
466,Lost for Life,Harriett Krabbe
467,The Story of Alexander Graham Bell,Melamie Pelfer
468,Valerie,Bethany Cheesman
469,Gang Related,Mari Bootherstone
470,I Really Hate My Job,Cristine Blayney
471,Bikini Summer,Sansone Wharmby
472,Manic,Garey Messier
473,"Messenger: The Story of Joan of Arc, The"
474,Sokkotanssi,Flory Andersch
475,Albatross,Dermot Maben
476,No Regrets for Our Youth (Waga seishun ni kuinashi),Gibbie Greenaway
477,Bravo Two Zero ,Goldarina Leteurtre
478,"Bruno (Dress Code, The)"
479,"Cat in the Hat, The"
480,Barfi!,Fonsie Ledeker
481,Fading Gigolo,Lianne Hrycek
482,Butterflies Are Free,Jacklin Dory
483,Sordid Lives,Shannen Sutherley
484,Blutzbrüdaz,Patience Pepineaux
485,Faster,Norene De la Zenne
486,The End of the Tour,Rollins Lamps
487,Gamera vs. Viras ,Yelena Fenlon
488,Outsider,Jacquie Rhubottom
489,Santos,Raviv Durden
490,Everything,Loretta Ardley
491,House of Wax,Benedikt Harrell
492,One Deadly Summer (L'été meurtrier),Hagan Hedgecock
493,"Gun in Betty Lou's Handbag, The"
494,Paranormal Activity: The Marked Ones,Bo Heijne
495,Immensee,Annie Sargood
496,Kolka Cool,Arabel Wittier
497,"Walk in the Sun, A"
498,Exorcismus,Victor Duddell
499,Red Dawn,Brig Leicester
500,Once Upon a Crime...,Layne Hunnaball
501,Cheetah,Barney Das
502,"Last American Virgin, The"
503,Exit Through the Gift Shop,Solly Schimaschke
504,Bedazzled,Caleb Gullivent
505,"Rocketeer, The"
506,Parisian Love,Jemmy Bisset
507,Hallam Foe (Mister Foe),Falito Sibun
508,Hardcover,Tadd Allmann
509,"Awful Dr. Orlof, The (Gritos en la Noche)"
510,King of Germany,Trev Farington
511,Madame Bovary,Bernie Bennet
512,Dollman vs. Demonic Toys,Olivia Rubinow
513,"Twice Upon a Yesterday (a.k.a. Man with Rain in His Shoes, The)"
514,After Office Hours,Yancey Paolone
515,Harry Potter and the Sorcerer's Stone (a.k.a. Harry Potter and the Philosopher's Stone),Emyle Atkins
516,When Darkness Falls (När mörkret faller),Kristan Gallamore
517,R.I.P.D.,Haily Gasparro
518,Dangerous Minds,Christye Kolodziejski
519,Z Channel: A Magnificent Obsession,Jacintha Duffin
520,Unforgotten: Twenty-Five Years After Willowbrook,Derrick Scatcher
521,"Angel at My Table, An"
522,Cheech & Chong's Nice Dreams,Steven Marvelley
523,"Sugar Curtain, The (El telón de azúcar)"
524,3:10 to Yuma,Chane Whenham
525,"Original Kings of Comedy, The"
526,Urban Ghost Story,Rickie Quimby
527,Albuquerque,Jo-anne MacLennan
528,Six Pack,Brandy Dommerque
529,Kung Fu Panda: Secrets of the Furious Five,Abbe Turnock
530,"Carry On, Constable"
531,Comanche Moon,Kathleen Haberjam
532,Aurora Borealis,Vernor Clough
533,King Rat,Efrem Auguste
534,"'Human' Factor, The (Human Factor
535,Surviving Picasso,Auberon Yablsley
536,Vlad,Fran De'Vere - Hunt
537,Six in Paris (Paris vu par...),Keelia Murrigans
538,Addams Family Values,Waldemar MacGall
539,Comedy of Innocence (Comédie de l'innocence),Vita Starkey
540,"Great Day in Harlem, A"
541,Style Wars,Domini Kew
542,"Atomic Cafe, The"
543,"Girl Next Door, The"
544,The Squeeze,Shani Hutchings
545,Immortals,Benedict Kubista
546,Beethoven's 3rd,Eben Shuttlewood
547,Karthik Calling Karthik,Elberta Timlin
548,"Miss and the Doctors (Tirez la langue, mademoiselle)"
549,Rabbit Without Ears (Keinohrhasen),Morganica Latliff
550,"Godzilla 1985: The Legend Is Reborn (Gojira) (Godzilla) (Return of Godzilla, The)"
551,"Count Dracula (Nachts, wenn Dracula erwacht)"
552,Thoroughly Modern Millie,Matthiew Salvage
553,"Silence, The (Das letzte Schweigen)"
554,Lupin III: The Castle Of Cagliostro (Rupan sansei: Kariosutoro no shiro),Bendick Scarisbrick
555,Necessary Roughness,Israel Bacup
556,"Hidden Fortress, The (Kakushi-toride no san-akunin)"
557,Follow the Bitch,Skye Paxman
558,Fake It So Real,Delmar McKenney
559,Winter Nomads,Audy Drakeley
560,Major Payne,Berkley Cosh
561,"Little Rascals, The"
562,"Horseman on the Roof, The (Hussard sur le toit
563,"George Lopez: Tall, Dark & Chicano"
564,Single White Female,Spense Low
565,7 Days (Les 7 jours du talion),Adan Kinchlea
566,Captive Women (1000 Years from Now) (3000 A.D.),Woodrow Broadnicke
567,Night on Earth,Tallulah Elvins
568,Blackrock,Armstrong Kimbly
569,"Conformist, The (Conformista
570,"Gatekeepers, The"
571,Quills,Cymbre Davies
572,Grumpy Old Men,Mikaela Brosini
573,Mediterraneo,Tibold Palphreyman
574,Trumbo,Zerk Mantione
575,Blue State,Moyra Androletti
576,"Prince and the Pauper, The"
577,Awakenings,Tome Osband
578,"Broadway Melody, The"
579,Volunteers,Anallise Stapleton
580,Pirates of Silicon Valley,Neal Oselton
581,"Cruise, The"
582,"Lawless Frontier, The"
583,Snowbeast,Alexis Christiensen
584,In Which We Serve,Elysia Tort
585,Chuck & Buck,Stace Jira
586,Nadine,Abigale Lipmann
587,Lost in Beijing (Ping guo),Kate Peotz
588,"Statue of Liberty, The"
589,Triage,Guillaume Micklem
590,Treeless Mountain,Cherye Gornall
591,Perkele! Kuvia Suomesta,Lotty Yukhnevich
592,"Gorgon, The"
593,Beneath Hill 60,Killie O'Sharkey
594,Wonder Bar,Gael Jakeway
595,"Boys Are Back, The"
596,Can't Hardly Wait,Teodor Lello
597,Yamakasi - Les samouraïs des temps modernes,Coriss Treat
598,Rough Night in Jericho,Melva Rusbridge
599,Love and Death,Micki Wallsworth
600,Rolling,Cally Thebes
601,Kevin Hart: Let Me Explain,Claudell Luparto
602,Deception,Ursala Coviello
603,Daayen Ya Baayen,Hanni Franchi
604,Summer and Smoke,Jarid Pyffe
605,Manhattan Murder Mystery,Roscoe Carabet
606,Gangs of New York,Jan Scalia
607,Grind,Bran Duddell
608,"Snow Walker, The"
609,"Red Squirrel, The (Ardilla roja
610,The Radio Pirates,Aurora Grammer
611,Masterminds,Inna Baggiani
612,Commune,Robenia Rubke
613,Enquiring Minds: The Untold Story of the Man Behind the National Enquirer,Mureil Merrgan
614,Anchorman: The Legend of Ron Burgundy,Moe Ewence
615,"Lebanon, Pa."
616,Time of Eve (Eve no jikan),Washington Raine
617,"Cutting Edge, The"
618,Fuck Up,Jocelin McCaskill
619,Macbeth,Nickolas Chmarny
620,Wyvern,Roderick Goggins
621,Lust for Gold,Mattias Agiolfinger
622,Marvin's Room,Ester Flacknoe
623,Selma,Odelinda Horry
624,ATL,Christy Batchelar
625,We Need a Vacation (Fais-moi des vacances),Kameko Shilston
626,Sheena,Skippy Viveash
627,Once Upon a Warrior (Anaganaga O Dheerudu),Malinda Iacopo
628,Four Horsemen,Hale Joselovitch
629,All the President's Men,Aloysia Camplin
630,Assisted Living,Dorothy Blasdale
631,The Hunting Ground,Georgeta Lankham
632,Hava Nagila: The Movie,Shaylynn Follos
633,"Dark Angel, The"
634,23 Paces to Baker Street,Yolanthe Yoskowitz
635,Charlie Chan in Dangerous Money,Pauletta Furneaux
636,The Fearless Four,Zolly Menhenitt
637,"Ring, The"
638,They Call Me Mister Tibbs!,Farand Knowlton
639,Melissa P.,Griswold Lomond
640,Chop Shop,Dario Anfrey
641,Frenchman's Creek,Norton Frill
642,Advantageous,Tessa Crockett
643,"Criminal Code, The"
644,Kummelin jackpot,Dion Lawn
645,Griff the Invisible,Bernhard Dobinson
646,America the Beautiful 2: The Thin Commandments ,Bent O'Fogarty
647,Ship of Fools,Oona Ovise
648,"Chorus, The (Hamsarayan)"
649,"Ten, The"
650,"Little Engine That Could, The"
651,Greaser's Palace,Collette Chadburn
652,New World (Shin-sae-gye),Tammara Satchel
653,Catwalk,Bryn Ferroli
654,"Maid, The (Nana
655,Human Capital (Il capitale umano),Ricard Ruler
656,Emma,Terrye Jerrom
657,Formosa Betrayed,Dot Gladwish
658,"Weather Man, The"
659,Children of the Corn II: The Final Sacrifice,Ripley Spittall
660,Debtocracy,Celinka Curedell
661,Women Without Men (Zanan-e bedun-e mardan),Huberto Laight
662,Princess (Prinsessa),Carlos Rowlstone
663,"Girl Next Door, The"
664,Dabangg 2,Daron Ealam
665,Thale,Lorry Stearns
666,Manon of the Spring (Manon des sources),Deny Haswell
667,Karlsson Brothers (Bröderna Karlsson),Godfry Sheryne
668,Prowl,Maridel Downage
669,Wetherby,Eilis Kopisch
670,The Great Gatsby,Ola Jodrelle
671,Fifty Pills,Shae Laughlan
672,Follow the Fleet,Ray Skipping
673,"Girl Who Played with Fire, The (Flickan som lekte med elden)"
674,That Darn Cat!,Betsey Greenset
675,Summertime,Meryl Dedmam
676,Lemony Snicket's A Series of Unfortunate Events,Lazarus Jodrelle
677,Tokyo Drifter (Tôkyô nagaremono),Marne Zorer
678,Alien³ (a.k.a. Alien 3),Marybelle Keveren
679,Such Is Life (Así es la vida...),Ronni Spraggon
680,Blonde Venus,Mathias Greetham
681,"Company Men, The"
682,Hitler's Stealth Fighter,Geri St. Quintin
683,Into the Storm,Turner Menego
684,Dial 1119,Ingamar Plenderleith
685,Omega Doom,Kirsti Berthe
686,The Old Maid,Row Jeakins
687,Kidnapping Mr. Heineken,Aloisia Dufty
688,Henri-Georges Clouzot's Inferno (L'enfer d'Henri-Georges Clouzot),Micheil Summerskill
689,Portraits Chinois,Corenda Kilpin
690,"Dark Hours, The"
691,Spirits of the Dead,Golda Scuffham
692,Le convoyeur,Beth Shasnan
693,Suburbia,Dwight Carlton
694,War and Peace (Jang Aur Aman),Reinald Gilley
695,Above the Rim,Arlyne Silverwood
696,Mumblecore,Corabel Strelitzer
697,Lethal Weapon 2,Wainwright Croce
698,Eros (Men and Women) (Noite Vazia),Nat Spurier
699,Makai Tensho: Samurai Reincarnation (Makai tenshô),Juliana Kubicek
700,"Last Bolshevik, The (Tombeau d'Alexandre
701,Between Heaven and Hell,Paxton Matzke
702,"Haunted World of El Superbeasto, The"
703,"War Room, The"
704,For Ever Mozart,Spenser Gration
705,Gold Raiders,Sholom Piniur
706,"Golden Coach, The (Le carrosse d'or)"
707,Centennial,Iggie Bernhard
708,Yu-Gi-Oh!: Bonds Beyond Time (Gekijouban Yuugiou: Chouyuugou! Jikuu o koeta kizuna),Jamill Kroger
709,"Rugrats Movie, The"
710,Mother (Madeo),Belle Ambrogiotti
711,Doughboys,Brion Simmings
712,MURDER and murder,Joelie Neylan
713,Snow White (Blancanieves),Ben Laise
714,Eye See You (D-Tox),Mal Linstead
715,Emergency Squad,Merell Lucey
716,Run Fatboy Run,Colin Axton
717,"Razor's Edge, The"
718,"Farewell to Arms, A"
719,Heartbeats (Kohtaamisia),Germain Asbrey
720,"Italian Job, The"
721,Two Ninas,Jaine Hamelyn
722,Dog Soldiers,Terry Rojel
723,"Sweet Jesus, Preacherman"
724,Homicidal,Gloria Scotchbourouge
725,The Rag Man,Drake Jachimak
726,Canvas,Bobbie Reavell
727,Twilight of the Ice Nymphs,Raddy Emney
728,Senseless,Rhetta Sherington
729,Night Across the Street (La noche de enfrente),Shel Stockle
730,"Classe Tous Risques (Big Risk, The)"
731,What Time Is It There? (Ni neibian jidian),Jake Dewen
732,How to Be a Serial Killer,Philly Fearey
733,Blade of the Ripper,Costanza Peploe
734,"Devil's Rejects, The"
735,Rosario Tijeras,Meggie Duffett
736,Today You Die,Ingmar de Clerk
737,"Trip to Mars, A"
738,"Superweib, Das"
739,How to Lose Friends & Alienate People,Buddy Carrack
740,You and Me,Filip Belsham
741,Envy (Kiskanmak),Margaretha Tows
742,Blind Mountain (Mang shan),Tim Matsell
743,Crime and Punishment,Leah Schops
744,Punk in London,Chrissy Pardy
745,"Keys to the House, The (Chiavi di casa
746,Up Periscope,Daffi Rodders
747,Stealing Beauty,Mil Borres
748,The Black Rose,Euphemia Spikeings
749,"Decade Under the Influence, A"
750,Negative Happy Chainsaw Edge (Negatibu happî chênsô ejji),Emalia Kerss
751,Valdez Is Coming,Geraldine Chuney
752,Angel Face,Zachariah Sabater
753,Thurgood,Kennie Cordero
754,Diary of a Lost Girl (Tagebuch einer Verlorenen),Shanda Messam
755,"Dead Outside, The"
756,Rampage at Apache Wells,Midge Georghiou
757,"Gambler, The (Játékos
758,"Oklahoma Kid, The"
759,"ChubbChubbs!, The"
760,Oasis,Wynny Challenor
761,"Myth of the American Sleepover, The"
762,Zatoichi at Large (Zatôichi goyô-tabi) (Zatôichi 23),Velvet Coushe
763,Go Figure (Va savoir),Joaquin Stair
764,Rush,Frederica Orgen
765,Appleseed Alpha,Frederica Tuxwell
766,It's a Bikini World,Mae Scahill
767,Shadow People,Marcelle Featherstonhaugh
768,Dark Star,Chev Van den Hof
769,Loose Change 9/11: An American Coup,Adam Adamovitch
770,Princesas,Emery Vonasek
771,"Recruiter, The"
772,Extraterrestrial,Janie Brouard
773,"Foreign Affair, A"
774,Year One,Grenville Rawe
775,G.I. Joe: Operation Dragonfire,Miller Dunsleve
776,"Funeral, The (Ososhiki)"
777,Quartet,Rocky Ingledew
778,In the Name of the King III,Jecho O'Spellissey
779,Westfront 1918,Vida Wasteney
780,Daddy Day Care,Wilma Berrington
781,Tenderness,Romonda Letch
782,Elektra,Gerry Fewell
783,"American Crime, An"
784,"Good Guy, The"
785,"Generale Della Rovere, Il"
786,Alien from L.A.,Magdaia Stoffers
787,Anna Karenina,Rosalinda Bidder
788,Still Alice,Lily Tackell
789,Hilton!,Annabelle Tinklin
790,Curse of Chucky (Child's Play 6),Pris Rigmand
791,"Friends at the Margherita Cafe, The (Gli amici del bar Margherita)"
792,976-EVIL II,Mickie Skeldon
793,Clash of the Wolves,Marleah Elcoux
794,Carousel,Cher Wyldbore
795,Fast Food,Laina Longthorn
796,Buck Privates,Willa Devereu
797,"Road, The"
798,Standing Up,Emlyn Yakov
799,"Lincoln Lawyer, The"
800,Moving Alan,Vale Bossingham
801,Not Here to Be Loved (Je ne suis pas là pour être aimé),Karney Kiehl
802,Sword of the Valiant,Gaylord Josephi
803,Gamera vs. Barugon,Piotr Lockyer
804,Dark Days,Abeu Labbe
805,Humoresque,Reeba Yeo
806,Star Wars: Episode VI - Return of the Jedi,Karlotta Ellery
807,Morituri,Midge Blenkinsopp
808,Every Man for Himself (Slow Motion) (Sauve qui peut (la vie)),Dorine Waszczykowski
809,High and Dizzy,Parry Larmouth
810,Magic Mike,Jeannette Reynoollds
811,Svidd Neger,Karlee Barens
812,Faust,Koral Lanfare
813,3 Backyards,Mellisent Fawcitt
814,"Reckoning, The"
815,"Rites of May, The (Itim) "
816,Metalstorm: The Destruction of Jared-Syn,Jon Lunge
817,Prelude to a Kiss,Lorenza M'Chirrie
818,"Movie, A"
819,I giorni contati,Waldemar Chishull
820,Colour Me Kubrick: A True...ish Story,Neale Alaway
821,Orwell Rolls in His Grave,Nicola Hagger
822,"Vampir (Cuadecuc, vampir)"
823,Little Lord Fauntleroy,Federico Kitchinghan
824,28 Up,Tymon Follis
825,"Shadow Dancer, The (Shadows in the Sun)"
826,Deception,Thea Shanley
827,Penny Serenade,Garrik Spradbrow
828,"Fantastic Planet, The (Planète sauvage
829,Underworld,Lissy Esposi
830,"Institute Benjamenta, or This Dream People Call Human Life"
831,Manuel on the Island of Wonders (Manoel dans l'île des merveilles),Obed Darthe
832,Asterix and Cleopatra (Astérix et Cléopâtre),Ginny Crocombe
833,"Searchers, The"
834,White Chicks,Geoffrey Snedden
835,A Pistol For Ringo,Tabby Arlett
836,Band of Brothers,Dare Ping
837,"Prey, The (La proie)"
838,Bring on the Night,Mendie Ridpath
839,Nick and Norah's Infinite Playlist,Valdemar Attkins
840,"Construction, The (En construcción)"
841,Doubt,Janaye MacKibbon
842,Opposing Force,Salem Smithson
843,"Me, Myself & Irene"
844,"Puff, Puff
845,"Hijacking Catastrophe: 9/11, Fear & the Selling of American Empire"
846,Don't Go In the Woods,Brynne Muir
847,"Cabinet of Dr. Ramirez, The"
848,"Raven, The"
849,Tangerines,Skye Ionesco
850,Amigo,Em Fayer
851,First Name: Carmen (Prénom Carmen),Amalie Oger
852,Blind Chance (Przypadek),Joel Hadley
853,Sweet Movie,Nathanil Cogswell
854,"Devil Came on Horseback, The"
855,Me and you (io e te),Dede Sawney
856,Following,Tanhya Simonetti
857,Reaching for the Moon,Kira Elder
858,"Asphalt Jungle, The"
859,Mike's New Car,Neville Armal
860,In the Basement,Hermione Mundy
861,"Cave of the Yellow Dog, The"
862,Peas at 5:30 (Erbsen auf halb 6),Katey Bielefeld
863,Ninja Cheerleaders,Lester Tilston
864,The Substitute 4: Failure Is Not an Option,Candie Rove
865,Gone Fishin',Sascha Lockery
866,Goldfish Memory,Emelyne Pelchat
867,Stopped on Track,Ettie Woodall
868,Exorcismus,Ermanno Arnett
869,Beyond the Forest,Nichols Sheilds
870,Fire and Ice,Romona Mosby
871,Polyester,Grady Jakoubek
872,"Solid Gold Cadillac, The"
873,Oedipus Rex (Edipo re),Toddy Machin
874,Divorce - Italian Style (Divorzio all'italiana),Emmaline Haibel
875,The Cop in Blue Jeans,Elsy Bubeer
876,Detour ,Lisbeth Finneran
877,Party Girl,Ariella MacArdle
878,Adrift (À Deriva),Brandtr McNysche
879,Your Life in 65 (Tu vida en 65'),Linnie Gatty
880,"Red Balloon, The (Ballon rouge
881,"Count Dracula (Nachts, wenn Dracula erwacht)"
882,Ball of Fire,Jeromy Bastin
883,"Code, The (Mentale
884,Joffrey: Mavericks of American Dance,Emmery Coggen
885,Viper in the Fist,Kennie Halsted
886,Dark Night of the Scarecrow,Merle Gitting
887,Control (Kontroll),Cletis Bouldon
888,School of Rock,Katuscha Broomhead
889,House on Haunted Hill,Patience Basset
890,"Neon Bible, The"
891,Sam Peckinpah: Man of Iron,Robbie Paskerful
892,War of the Robots (La guerra dei robot),Tracie Proffer
893,"Nativity Story, The"
894,"Good Year, A"
895,Morons From Outer Space,Milli Kaines
896,"Matrix Revolutions, The"
897,Professor Beware,Beck Petrulis
898,One in the Chamber,Dalis Rosedale
899,King Kong,Addie Ackerley
900,Portrait Werner Herzog,Mead Pidgin
901,Doctor Dolittle,Shayne MacCostigan
902,To Sleep with Anger,Colette Bewley
903,Saint Joan,Rosana Cops
904,Rififi (Du rififi chez les hommes),Lenore Penwell
905,Life On A String (Bian chang Bian Zou),Gerome Kornyakov
906,Walk on Water,Padraig Zold
907,Cobra,Lezlie Toffolo
908,Wrestling (Bræðrabylta),Roosevelt Eddison
909,"Secret of Roan Inish, The"
910,Night on Earth,Sileas Knott
911,"Last Exorcism, The"
912,"Year of the Wolf, The (Suden vuosi)"
913,Winter of Discontent,Piotr Vankov
914,Franz Kafka's a Country Doctor,Garey Drysdale
915,"Campaign, The"
916,Angels Over Broadway,Danny Buzine
917,Bebe's Kids,Nicolais Chappelow
918,Lightning Bolt: The Power of Salad,Benetta Jennings
919,Het Vonnis,Roberta Rawlcliffe
920,Skyline,Nonna Jaquiss
921,Broderskab (Brotherhood),Jaquenette Bloor
922,Secretariat,Liza Champagne
923,Tyler Perry's Madea's Big Happy Family,Alanna Fairn
924,Inuyasha the Movie: The Castle Beyond the Looking Glass,Averyl Brunon
925,"Sailor Who Fell from Grace with the Sea, The"
926,Head Games,Ardeen Matisse
927,"Deadly Trackers, The"
928,"Mostly Unfabulous Social Life of Ethan Green, The"
929,Henry Fool,Gwyneth Sidebotton
930,Inside Man,Estel Rouke
931,Hum Tumhare Hain Sanam,Cheslie Keyhoe
932,Russian Roulette,Avigdor Pleass
933,"Match Factory Girl, The (Tulitikkutehtaan tyttö)"
934,Cowboys & Aliens,Joelie Gunson
935,Connections,Corrianne Beinke
936,Black Beauty,Fernande Macci
937,Barfi!,Giustino Toolan
938,Kansas Raiders,Claiborne Volks
939,"Pretty One, The"
940,Jim Jefferies: I Swear to God,Tilly Barley
941,"Not for or Against (Quite the Contrary) (Ni pour, ni contre (bien au contraire))"
942,Bananas!*,Pris Ducker
943,According to Spencer,Othello Dunaway
944,Newsfront,Ancell Aris
945,"Bridge, The (Most)"
946,"Flesh Merchant, The (Wild and Wicked
947,American Ninja 5,Humberto Younger
948,Canned Dreams (Säilöttyjä unelmia),Riley McFarland
949,Analyze That,Cathe Rubinfajn
950,Barefoot (Barfuss),Gwendolen Gorham
951,"Guyver, The"
952,Indian Summer,Raf Windram
953,The Sex and Violence Family Hour,Gussie Ornells
954,Mezzo Forte,Shawna Emms
955,"Sentinel, The"
956,"Marquise of O, The (Marquise von O...
957,Meetin' WA,Anet Coaster
958,Burning Palms,Myca Tyre
959,El Lobo,Corty Cramer
960,We Live Again,Clarabelle Hallybone
961,"Hitchhiker's Guide to the Galaxy, The"
962,Made in America,Adelaide Cheel
963,Cut and Run (Inferno in diretta),Barbabas Fussie
964,Queen of the Damned,Sanders Irdale
965,Distant Thunder (Ashani Sanket),Laryssa de Courcey
966,Vital,Carissa Arnison
967,"Kindred, The"
968,Joanna,Payton Gritland
969,"Baby, the Rain Must Fall"
970,Tokyo Joe,Ricard Panniers
971,Secret Sunshine (Milyang),Rebbecca Reidie
972,"Acla, The Descent into Floristella (La discesa di Aclà a Floristella)"
973,Hurry Sundown,Brose Bertomieu
974,"Satan Bug, The"
975,Family Business,Thedric Dumphy
976,No Man's Land,Kinnie Lemoir
977,"Glenn Miller Story, The"
978,Juno and the Paycock,Kristoffer Tidbold
979,"Devil and Max Devlin, The"
980,Reclaim,Jacklyn Drinkwater
981,"Loveless, The (Breakdown)"
982,Killing Lincoln,Caresse Cow
983,Medium Cool,Yetta Legge
984,Rescue Dawn,Reiko Poynser
985,"Flight of the Red Balloon (Voyage du ballon rouge, Le)"
986,Carancho,Francene Aartsen
987,Ecstasy (Éxtasis),Derk Norway
988,Fruitvale Station,Allegra Abrahamsen
989,Scatter My Ashes at Bergdorf's,Margie McCart
990,6 Bullets,Rozele Mocquer
991,"Guardian, The"
992,Chain of Fools,Tandie Wooffitt
993,Varan the Unbelievable,Artemas Beuscher
994,Symmetry (Symetria),Shaylynn Chastaing
995,Glue,Saree Sussams
996,"Strawberry Blonde, The"
997,7 Faces of Dr. Lao,Fairleigh Giabucci
998,Strange Invaders,Erminie Ferguson
999,"Honeymoon Killers, The"
1000,Shout,Willy Connolly
